{
	"extension.description": "Prise en charge du débogage Node.js (versions < 8.0)",
	"node.label": "Node.js",
	"open.loaded.script": "Ouvrir le script chargé",
	"attach.node.process": "Attacher au processus Node",
	"toggle.skipping.this.file": "Ignorer/Ne pas ignorer ce fichier",
	"loaded.scripts.view.name": "Scripts chargés",
	"smartStep.description": "Exécutez pas à pas de façon automatique le code généré qui ne peut être mappé à la source d'origine.",
	"skipFiles.description": "Ensemble de modèles Glob de fichiers à ignorer durant le débogage.",
	"outFiles.description": "Si les mappages de sources sont activés, ces modèles Glob spécifient les fichiers JavaScript générés. Si un modèle commence par '!', les fichiers sont exclus. En l'absence de spécification, le code généré est censé se trouver dans le même répertoire que sa source.",
	"outDir.deprecationMessage": "Attribut 'outDir' déconseillé, utilisez 'outFiles' à la place.",
	"trace.description": "Produisez une sortie de diagnostic. Au lieu d'affecter la valeur true, vous pouvez lister un ou plusieurs sélecteurs séparés par des virgules. Le sélecteur 'verbose' permet d'activer une sortie très détaillée.",
	"launch.args.description": "Arguments de ligne de commande passés au programme.",
	"node.protocol.description": "Protocole de débogage Node.js à utiliser.",
	"node.protocol.auto.description": "essaie de détecter automatiquement le meilleur protocole, en sélectionnant 'inspector' pour lancer Node 8.0+",
	"node.protocol.inspector.description": "nouveau protocole pris en charge par Node.js versions >= 6.3",
	"node.protocol.legacy.description": "ancien protocole pris en charge par Node.js versions < 8.0",
	"node.sourceMaps.description": "Utilisez des mappages de sources JavaScript (s'ils existent)",
	"node.stopOnEntry.description": "Arrêtez automatiquement le programme après le lancement.",
	"node.port.description": "Port de débogage auquel effectuer l'attachement. La valeur par défaut est 5858.",
	"node.address.description": "Adresse TCP/IP du processus à déboguer (pour Node.js >= 5.0 uniquement). La valeur par défaut est 'localhost'.",
	"node.timeout.description": "Réessayez de vous connecter à Node.js pendant le nombre de millisecondes spécifié. La valeur par défaut est 10 000 ms.",
	"node.restart.description": "Redémarrez la session une fois l'exécution de Node.js achevée.",
	"node.localRoot.description": "Chemin du répertoire local contenant le programme.",
	"node.remoteRoot.description": "Chemin absolu du répertoire distant contenant le programme.",
	"node.showAsyncStacks.description": "Affiche les appels asynchrones ayant conduit à la pile des appels actuelle. Protocole 'inspector' uniquement.",
	"node.sourceMapPathOverrides.description": "Ensemble de mappages pour la réécriture des emplacements des fichiers sources à partir de ce que le mappage de source stipule, vers les emplacements sur le disque.",
	"node.launch.program.description": "Chemin absolu du programme. La valeur générée est déterminée en fonction du fichier package.json et des fichiers ouverts. Modifiez cet attribut.",
	"node.launch.externalConsole.deprecationMessage": "Attribut 'externalConsole' déconseillé, utilisez 'console' à la place.",
	"node.launch.console.description": "Où lancer la cible de débogage.",
	"node.launch.console.internalConsole.description": "console de débogage de VS Code (qui ne prend pas en charge la lecture de l'entrée d'un programme)",
	"node.launch.console.integratedTerminal.description": "terminal intégré de VS Code",
	"node.launch.console.externalTerminal.description": "terminal externe pouvant être configuré via des paramètres utilisateur",
	"node.launch.cwd.description": "Chemin absolu du répertoire de travail du programme en cours de débogage.",
	"node.launch.runtimeExecutable.description": "Runtime à utiliser. Chemin absolu ou nom d'un runtime disponible dans PATH. En cas d'omission, 'node' est choisi par défaut.",
	"node.launch.runtimeArgs.description": "Arguments facultatifs passés à l'exécutable du runtime.",
	"node.launch.runtimeVersion.description": "Version du runtime 'node' à utiliser. Requiert 'nvm'.",
	"node.launch.env.description": "Variables d'environnement passées au programme. La valeur 'null' supprime la variable de l'environnement.",
	"node.launch.envFile.description": "Chemin absolu d'un fichier contenant des définitions de variables d'environnement.",
	"node.launch.useWSL.description": "Utiliser le sous-système Linux pour Windows.",
	"node.launch.outputCapture.description": "A partir de quelle source capturer les messages de sortie : l’API de débogage ou les flux stdout/stderr.",
	"node.launch.autoAttachChildProcesses.description": "Attacher le débogueur aux nouveaux processus enfants automatiquement.",
	"node.launch.config.name": "Lancer",
	"node.attach.processId.description": "ID du processus auquel effectuer la jonction.",
	"node.attach.config.name": "Attacher",
	"node.processattach.config.name": "Attacher au processus",
	"node.snippet.launch.label": "Node.js : lancer un programme",
	"node.snippet.launch.description": "Lancer un programme node en mode débogage",
	"node.snippet.npm.label": "Node.js : lancer via NPM",
	"node.snippet.npm.description": "Lancer un programme node via un script 'debug' npm",
	"node.snippet.attach.label": "Node.js : attacher",
	"node.snippet.attach.description": "Attacher à un programme node en cours d'exécution",
	"node.snippet.remoteattach.label": "Node.js : attacher au programme distant",
	"node.snippet.remoteattach.description": "Attacher au port de débogage d'un programme node distant",
	"node.snippet.attachProcess.label": "Node.js : attacher au processus",
	"node.snippet.attachProcess.description": "Ouvrir le sélecteur de processus pour sélectionner le processus node auquel s'attacher",
	"node.snippet.nodemon.label": "Node.js : configurer nodemon",
	"node.snippet.nodemon.description": "Utiliser nodemon pour relancer une session de débogage quand la source change",
	"node.snippet.mocha.label": "Node.js : tests mocha",
	"node.snippet.mocha.description": "Déboguer les tests mocha",
	"node.snippet.yo.label": "Node.js : générateur Yeoman",
	"node.snippet.yo.description": "Déboguer un générateur yeoman (effectuer l'installation en exécutant 'npm link' dans le dossier de projet)",
	"node.snippet.gulp.label": "Node.js : tâche Gulp",
	"node.snippet.gulp.description": "Déboguer une tâche gulp (un gulp local doit être installé dans votre projet)",
	"node.snippet.electron.label": "Node.js : processus principal Electron",
	"node.snippet.electron.description": "Déboguer le processus principal Electron"
}